order_id,customer_id,product_id,order_date,quantity,unit_price,discount_amount
1001,1,101,2024-01-05,3,49.99,0.00
1002,1,103,2024-01-12,1,149.99,15.00
1003,2,102,2024-01-18,5,19.99,0.00
1004,3,104,2024-02-02,2,79.99,10.00
1005,1,105,2024-02-14,1,299.99,30.00
1006,4,101,2024-02-20,10,49.99,50.00
1007,5,103,2024-03-01,2,149.99,0.00
1008,2,101,2024-03-15,4,49.99,5.00
1009,3,105,2024-03-22,1,299.99,0.00
1010,4,102,2024-04-01,8,19.99,0.00
1011,1,104,2024-04-10,1,79.99,0.00
1012,5,101,2024-04-18,6,49.99,25.00
1013,2,103,2024-05-05,1,149.99,0.00
1014,3,102,2024-05-12,3,19.99,0.00
1015,4,105,2024-05-20,2,299.99,60.00
